
--
-- Dumping data for table `syn_user`
--

INSERT INTO `syn_user` (`id`, `username`, `password`, `access_value`, `profile_id`, `manager_id`, `created_date`, `last_login`) VALUES
(1, 'admin', 'fd66a4f14f46a2af3ea6bc3a691895ac', 9, 34, NULL, '0000-00-00 00:00:00', '0000-00-00 00:00:00'),
(4, 'raaj', 'fd66a4f14f46a2af3ea6bc3a691895ac', 4, 4, NULL, '2011-07-26 01:30:54', '0000-00-00 00:00:00'),
(5, 'bivek', 'fd66a4f14f46a2af3ea6bc3a691895ac', 2, 5, 4, '2011-07-26 02:03:08', '0000-00-00 00:00:00'),
(7, 'basanta', 'fd66a4f14f46a2af3ea6bc3a691895ac', 2, 7, 4, '2011-07-26 02:30:14', '0000-00-00 00:00:00'),
(8, 'dinesh', 'fd66a4f14f46a2af3ea6bc3a691895ac', 4, 8, NULL, '2011-07-26 02:38:43', '0000-00-00 00:00:00'),
(9, 'bharat', 'fd66a4f14f46a2af3ea6bc3a691895ac', 2, 9, 4, '2011-07-26 02:45:41', '0000-00-00 00:00:00'),
(10, 'asee', 'fd66a4f14f46a2af3ea6bc3a691895ac', 2, 29, 4, '2011-07-28 02:59:33', '0000-00-00 00:00:00'),
(11, 'Naamu', 'fd66a4f14f46a2af3ea6bc3a691895ac', 2, 30, 8, '2011-11-09 17:44:04', '0000-00-00 00:00:00');


--
-- Dumping data for table `syn_ndprice`
--

INSERT INTO `syn_ndprice` (`id`, `product_id`, `price`, `effective_date`, `user_id`) VALUES
(2, 2, '62.10', '2011-08-01', 1),
(3, 3, '72.45', '2011-01-12', 1),
(4, 4, '241.00', '2011-01-02', 1),
(5, 5, '75', '2010-01-01', 1),
(6, 6, '138.00', '2011-08-01', 1),
(7, 7, '31.05', '2011-01-09', 1),
(8, 8, '75.90', '2011-01-01', 1),
(9, 10, '48.3', '2011-01-01', 1),
(10, 11, '75', '2010-01-01', 1),
(11, 12, '75', '2010-01-01', 1),
(12, 13, '75', '2010-01-01', 1),
(13, 14, '75', '2010-01-01', 1),
(14, 15, '75', '2010-01-01', 1),
(15, 16, '75', '2010-01-01', 1),
(16, 17, '75', '2010-01-01', 1),
(17, 18, '75', '2010-01-01', 1),
(18, 19, '75', '2010-01-01', 1),
(19, 20, '75', '2010-01-01', 1),
(20, 21, '75', '2010-01-01', 1),
(21, 22, '75', '2010-01-01', 1),
(22, 23, '75', '2010-01-01', 1),
(23, 24, '75', '2010-01-01', 1),
(24, 25, '75', '2010-01-01', 1),
(25, 26, '75', '2010-01-01', 1),
(26, 27, '75', '2010-01-01', 1),
(27, 28, '75', '2010-01-01', 1),
(28, 29, '75', '2010-01-01', 1),
(29, 30, '75', '2010-01-01', 1),
(30, 31, '75', '2010-01-01', 1),
(31, 32, '75', '2010-01-01', 1),
(32, 33, '75', '2010-01-01', 1),
(33, 34, '75', '2010-01-01', 1),
(34, 35, '75', '2010-01-01', 1),
(35, 36, '75', '2010-01-01', 1),
(36, 37, '75', '2010-01-01', 1),
(37, 38, '75', '2010-01-01', 1),
(38, 39, '75', '2010-01-01', 1),
(39, 40, '176.64', '2011-01-01', 1),
(40, 41, '322.92', '2011-01-01', 1),
(41, 42, '573.39', '2011-01-01', 1),
(42, 43, '2637.18', '2011-01-01', 1),
(43, 44, '75', '2010-01-01', 1),
(44, 45, '75', '2010-01-01', 1),
(45, 46, '75', '2010-01-01', 1),
(46, 47, '75', '2010-01-01', 1),
(48, 49, '51.75', '2011-01-16', 1),
(49, 50, '134.55', '2011-01-01', 1),
(50, 51, '217.35', '2011-01-01', 1),
(52, 53, '75', '2010-01-01', 1),
(53, 54, '75', '2010-01-01', 1),
(56, 57, '75', '2010-01-01', 1),
(57, 58, '75', '2010-01-01', 1),
(58, 59, '75', '2010-01-01', 1),
(59, 60, '75', '2010-01-01', 1),
(60, 61, '75', '2010-01-01', 1),
(61, 62, '75', '2010-01-01', 1),
(62, 63, '75', '2010-01-01', 1),
(63, 64, '75', '2010-01-01', 1),
(69, 2, '200', '2011-10-19', 1),
(70, 2, '300', '2011-10-31', 1);

--
-- Dumping data for table `syn_tasetting`
--

INSERT INTO `syn_tasetting` (`id`, `amount`, `effective_date`, `user_id`) VALUES
(2, 3, '2011-07-17', 4),
(3, 3, '2011-07-17', 5),
(4, 8, '2011-07-17', 7),
(5, 3, '2011-07-17', 8),
(6, 3, '2011-07-17', 9),
(7, 3, '2011-08-01', 5),
(8, 3, '2011-08-01', 7),
(9, 3, '2011-08-01', 8),
(10, 3, '2011-08-01', 9),
(11, 3, '2011-08-01', 8),
(12, 39, '2011-11-05', 5),
(13, 40, '2011-11-03', 5),
(14, 100, '2011-11-07', 10);

--
-- Dumping data for table `syn_party`
--

INSERT INTO `syn_party` (`id`, `profile_id`) VALUES
(2, 10),
(3, 11),
(4, 12),
(5, 13),
(6, 14),
(7, 15),
(8, 16),
(9, 17),
(10, 18),
(11, 19),
(12, 20),
(13, 21),
(14, 22),
(15, 23),
(16, 24),
(17, 25),
(18, 26),
(19, 27),
(20, 28);

--
-- Dumping data for table `syn_product`
--

INSERT INTO `syn_product` (`id`, `name`, `quantity`, `unit_id`, `no_in_case`, `active`) VALUES
(2, 'Agrinol Plus', '100', 1, '72', 1),
(3, 'Agrizinc Plus', '1', 4, '50', 1),
(4, 'Agriguard', '100', 1, '72', 1),
(5, 'Agricin', '50', 3, '96', 1),
(6, 'Agriguard', '50', 1, '96', 1),
(7, 'Agrinol', '50', 1, '144', 1),
(8, 'Agrizyme', '100', 1, '100', 1),
(9, 'Agrizyme', '250', 1, '40', 1),
(10, 'Agroliv Cole Spl', '250', 3, '64', 1),
(11, 'Agroliv Cole Spl', '500', 3, '32', 1),
(12, 'Agroliv potato Spl', '250', 3, '64', 1),
(13, 'Agroliv potato Spl', '500', 3, '32', 1),
(14, 'Agroliv potato Spl', '1', 4, '16', 1),
(15, 'Agroliv fs', '50', 1, '144', 1),
(16, 'Agroliv fs', '100', 1, '100', 1),
(17, 'Agroliv fs', '250', 1, '40', 1),
(18, 'Agroliv fs', '500', 1, '20', 1),
(19, 'Agroliv fs', '5', 2, '3', 1),
(20, 'Biojeb', '50', 1, '96', 1),
(21, 'Biojeb', '100', 1, '72', 1),
(22, 'Chelazin', '50', 3, '96', 1),
(23, 'Chelazin', '100', 3, '72', 1),
(24, 'Poshan', '50', 1, '144', 1),
(25, 'Poshan', '100', 1, '100', 1),
(26, 'Poshan', '250', 1, '40', 1),
(27, 'Poshan', '500', 1, '20', 1),
(28, 'Poshan plus', '1', 4, '25', 1),
(29, 'Sticker', '50', 1, '144', 1),
(30, 'Agroliv fs', '1', 2, '12', 1),
(31, 'Sticker', '100', 1, '100', 1),
(32, 'Sticker', '250', 1, '40', 1),
(33, 'Sticker', '500', 1, '20', 1),
(34, 'Sticker', '1', 2, '12', 1),
(35, 'Sticker', '5', 2, '3', 1),
(36, 'Agroliv Tea Special', '250', 1, '40', 1),
(37, 'Agroliv Tea Special', '500', 1, '20', 1),
(38, 'Agroliv Tea Special', '1', 2, '12', 1),
(39, 'Agroliv Tea Special', '5', 2, '3', 1),
(40, 'Agrizyme Tea Special', '250', 1, '40', 1),
(41, 'Agrizyme Tea Special', '500', 1, '20', 1),
(42, 'Agrizyme Tea Special', '1', 2, '12', 1),
(43, 'Agrizyme Tea Special', '5', 2, '3', 1),
(44, 'Poshan Tea Special', '250', 1, '40', 1),
(45, 'Poshan Tea Special', '500', 1, '20', 1),
(46, 'Poshan Tea Special', '1', 2, '12', 1),
(47, 'Poshan Tea Special', '5', 2, '3', 1),
(49, 'Agrinol', '100', 1, '96', 1),
(50, 'Agrinol Plus ', '250', 1, '40', 1),
(51, 'Agrinol Plus ', '500', 1, '20', 1),
(53, 'Chelazin Tea Special', '250', 3, '64', 1),
(54, 'Chelazin Tea Special', '500', 3, '32', 1),
(57, 'BORO M', '100', 1, '72', 1),
(58, 'BORO M', '250', 1, '40', 1),
(59, 'BORO M', '500', 1, '20', 1),
(60, 'AGROLIV NPK', '100', 1, '100', 1),
(61, 'AGROLIV NPK', '250', 1, '40', 1),
(62, 'AGROLIV NPK', '500', 1, '20', 1),
(63, 'AGROLIV NPK', '1', 2, '12', 1),
(64, 'bio side trivi', '1', 4, '5', 1);

--
-- Dumping data for table `syn_productdetails`
--


--
-- Dumping data for table `syn_profile`
--

INSERT INTO `syn_profile` (`id`, `name`) VALUES
(4, 'Mahendra raj poudel'),
(5, 'bivek dahal'),
(7, 'basanta raj khanel'),
(8, 'dinesh dhungana'),
(9, 'Tiko pendra Mani Sharma'),
(10, 'chuma ganesh bizze bhandar'),
(11, 'bidari agrovet'),
(12, 'niranjana agro supplyers'),
(13, 'haravara agri center'),
(14, 'Bhandari Agrovet'),
(15, 'Krishak Sahayog Kendra'),
(16, 'Siddartha Agri Center'),
(17, 'Sagarmatha Agrovet'),
(18, 'Chitwan Agro Pharma'),
(19, 'Dawadi Agro Pharma'),
(20, 'Kheti Sewa Pasal'),
(21, 'Sahayogi Agrovet'),
(22, 'ParsantaAgrovet'),
(23, 'Mangaleshor Agrovet'),
(24, 'Mechi Agrovet'),
(25, 'Sairam Agro Traders'),
(26, 'Shah Agrovet'),
(27, 'Biochem Agro Trade Center'),
(28, 'Nava Joti Krishi Bhandar'),
(29, 'asee'),
(30, 'asee'),
(34, 'Asee Shrestha');